minlat,minlon,maxlat,maxlon,bs
37.807104,-122.417251,37.810104,-122.414251,"37.808604, -122.415751"
