minlat,minlon,maxlat,maxlon,bs
41.402832,2.173,41.405832,2.176,"41.404332, 2.174500"
