minlat,minlon,maxlat,maxlon,bs
38.710049,-9.132203,38.713049,-9.129203,"38.711549, -9.130703"
55.948636,-3.189362,55.951636,-3.186362,"55.950136, -3.187862"
